-- phpMyAdmin SQL Dump
-- version 5.2.1
-- https://www.phpmyadmin.net/
--
-- Host: 127.0.0.1:3306
-- Generation Time: Oct 06, 2025 at 12:31 PM
-- Server version: 9.1.0
-- PHP Version: 8.3.14

SET SQL_MODE = "NO_AUTO_VALUE_ON_ZERO";
START TRANSACTION;
SET time_zone = "+00:00";


/*!40101 SET @OLD_CHARACTER_SET_CLIENT=@@CHARACTER_SET_CLIENT */;
/*!40101 SET @OLD_CHARACTER_SET_RESULTS=@@CHARACTER_SET_RESULTS */;
/*!40101 SET @OLD_COLLATION_CONNECTION=@@COLLATION_CONNECTION */;
/*!40101 SET NAMES utf8mb4 */;

--
-- Database: `tsetsii`
--

-- --------------------------------------------------------

--
-- Table structure for table `activeshes`
--

DROP TABLE IF EXISTS `activeshes`;
CREATE TABLE IF NOT EXISTS `activeshes` (
  `id` bigint UNSIGNED NOT NULL AUTO_INCREMENT,
  `shalguur_id` int NOT NULL,
  `turul` int DEFAULT NULL,
  `jil` varchar(191) CHARACTER SET utf8mb4 COLLATE utf8mb4_unicode_ci NOT NULL,
  `created_at` timestamp NULL DEFAULT NULL,
  `updated_at` timestamp NULL DEFAULT NULL,
  PRIMARY KEY (`id`),
  KEY `activeshes_shalguur_id_foreign` (`shalguur_id`)
) ENGINE=MyISAM AUTO_INCREMENT=118 DEFAULT CHARSET=utf8mb4 COLLATE=utf8mb4_unicode_ci;

--
-- Dumping data for table `activeshes`
--

INSERT INTO `activeshes` (`id`, `shalguur_id`, `turul`, `jil`, `created_at`, `updated_at`) VALUES
(7, 7, 0, '2022-2023', '2022-10-19 15:33:13', '2022-10-19 15:33:13'),
(6, 6, 1, '2022-2023', '2022-10-19 15:33:12', '2022-10-19 15:33:12'),
(5, 1, 0, '2022-2023', '2022-10-19 15:31:09', '2022-10-19 15:31:09'),
(9, 9, 0, '2022-2023', '2022-10-19 15:33:13', '2022-10-19 15:33:13'),
(19, 4, 0, '2022-2023', '2022-10-20 10:21:33', '2022-10-20 10:21:33'),
(11, 28, 0, '2022-2023', '2022-10-20 10:16:02', '2022-10-20 10:16:02'),
(12, 28, 1, '2022-2023', '2022-10-20 10:16:03', '2022-10-20 10:16:03'),
(13, 27, 1, '2022-2023', '2022-10-20 10:16:21', '2022-10-20 10:16:21'),
(14, 22, 0, '2022-2023', '2022-10-20 10:16:39', '2022-10-20 10:16:39'),
(15, 22, 1, '2022-2023', '2022-10-20 10:16:40', '2022-10-20 10:16:40'),
(16, 2, 0, '2022-2023', '2022-10-20 10:18:51', '2022-10-20 10:18:51'),
(17, 3, 0, '2022-2023', '2022-10-20 10:18:57', '2022-10-20 10:18:57'),
(18, 3, 1, '2022-2023', '2022-10-20 10:19:13', '2022-10-20 10:19:13'),
(20, 23, 0, '2022-2023', '2022-10-20 10:28:01', '2022-10-20 10:28:01'),
(21, 24, 0, '2022-2023', '2022-10-20 10:30:57', '2022-10-20 10:30:57'),
(22, 24, 1, '2022-2023', '2022-10-20 10:30:57', '2022-10-20 10:30:57'),
(23, 25, 0, '2022-2023', '2022-10-20 10:33:29', '2022-10-20 10:33:29'),
(24, 25, 1, '2022-2023', '2022-10-20 10:33:30', '2022-10-20 10:33:30'),
(25, 26, 0, '2022-2023', '2022-10-20 10:37:06', '2022-10-20 10:37:06'),
(26, 26, 1, '2022-2023', '2022-10-20 10:37:06', '2022-10-20 10:37:06'),
(27, 29, 1, '2022-2023', '2022-10-20 11:02:06', '2022-10-20 11:02:06'),
(28, 30, 1, '2022-2023', '2022-10-20 11:02:58', '2022-10-20 11:02:58'),
(29, 33, 1, '2022-2023', '2022-10-20 11:05:48', '2022-10-20 11:05:48'),
(30, 31, 1, '2022-2023', '2022-10-20 11:05:50', '2022-10-20 11:05:50'),
(32, 34, 0, '2022-2023', '2022-10-20 11:08:54', '2022-10-20 11:08:54'),
(33, 34, 1, '2022-2023', '2022-10-20 11:08:56', '2022-10-20 11:08:56'),
(34, 35, 1, '2022-2023', '2022-10-20 11:11:31', '2022-10-20 11:11:31'),
(35, 35, 0, '2022-2023', '2022-10-20 11:11:32', '2022-10-20 11:11:32'),
(36, 36, 0, '2022-2023', '2022-10-20 11:13:22', '2022-10-20 11:13:22'),
(37, 36, 1, '2022-2023', '2022-10-20 11:13:23', '2022-10-20 11:13:23'),
(38, 37, 0, '2022-2023', '2022-10-20 11:21:18', '2022-10-20 11:21:18'),
(39, 37, 1, '2022-2023', '2022-10-20 11:21:19', '2022-10-20 11:21:19'),
(40, 23, 1, '2022-2023', '2022-10-20 11:25:30', '2022-10-20 11:25:30'),
(41, 4, 1, '2022-2023', '2022-10-20 11:25:30', '2022-10-20 11:25:30'),
(42, 38, 0, '2022-2023', '2022-10-20 11:25:48', '2022-10-20 11:25:48'),
(43, 38, 1, '2022-2023', '2022-10-20 11:25:49', '2022-10-20 11:25:49'),
(44, 39, 0, '2022-2023', '2022-10-20 11:27:17', '2022-10-20 11:27:17'),
(45, 39, 1, '2022-2023', '2022-10-20 11:27:18', '2022-10-20 11:27:18'),
(46, 40, 0, '2022-2023', '2022-10-20 11:28:46', '2022-10-20 11:28:46'),
(47, 41, 1, '2022-2023', '2022-10-20 11:29:37', '2022-10-20 11:29:37'),
(48, 40, 1, '2022-2023', '2022-10-20 11:29:39', '2022-10-20 11:29:39'),
(49, 41, 0, '2022-2023', '2022-10-20 11:29:40', '2022-10-20 11:29:40'),
(50, 42, 0, '2022-2023', '2022-10-20 11:29:41', '2022-10-20 11:29:41'),
(51, 42, 1, '2022-2023', '2022-10-20 11:29:42', '2022-10-20 11:29:42'),
(52, 43, 0, '2022-2023', '2022-10-20 11:31:59', '2022-10-20 11:31:59'),
(53, 43, 1, '2022-2023', '2022-10-20 11:32:02', '2022-10-20 11:32:02'),
(54, 44, 1, '2022-2023', '2022-10-20 11:35:11', '2022-10-20 11:35:11'),
(55, 44, 0, '2022-2023', '2022-10-20 11:35:12', '2022-10-20 11:35:12'),
(56, 45, 1, '2022-2023', '2022-10-20 11:37:05', '2022-10-20 11:37:05'),
(57, 45, 0, '2022-2023', '2022-10-20 11:37:06', '2022-10-20 11:37:06'),
(58, 46, 0, '2022-2023', '2022-10-20 11:41:11', '2022-10-20 11:41:11'),
(59, 46, 1, '2022-2023', '2022-10-20 11:41:11', '2022-10-20 11:41:11'),
(60, 47, 1, '2022-2023', '2022-10-20 11:41:12', '2022-10-20 11:41:12'),
(61, 47, 0, '2022-2023', '2022-10-20 11:41:13', '2022-10-20 11:41:13'),
(62, 50, 0, '2022-2023', '2022-10-20 11:46:33', '2022-10-20 11:46:33'),
(63, 50, 1, '2022-2023', '2022-10-20 11:46:34', '2022-10-20 11:46:34'),
(64, 49, 0, '2022-2023', '2022-10-20 11:46:35', '2022-10-20 11:46:35'),
(65, 49, 1, '2022-2023', '2022-10-20 11:46:38', '2022-10-20 11:46:38'),
(66, 21, 0, '2022-2023', '2022-10-20 11:46:41', '2022-10-20 11:46:41'),
(67, 21, 1, '2022-2023', '2022-10-20 11:46:42', '2022-10-20 11:46:42'),
(68, 5, 1, '2022-2023', '2022-10-20 11:46:45', '2022-10-20 11:46:45'),
(69, 5, 0, '2022-2023', '2022-10-20 11:46:46', '2022-10-20 11:46:46'),
(70, 51, 0, '2022-2023', '2022-10-20 11:47:25', '2022-10-20 11:47:25'),
(71, 51, 1, '2022-2023', '2022-10-20 11:47:27', '2022-10-20 11:47:27'),
(72, 52, 0, '2022-2023', '2022-10-20 11:48:50', '2022-10-20 11:48:50'),
(73, 53, 0, '2022-2023', '2022-10-20 11:48:51', '2022-10-20 11:48:51'),
(74, 53, 1, '2022-2023', '2022-10-20 11:48:52', '2022-10-20 11:48:52'),
(75, 52, 1, '2022-2023', '2022-10-20 11:48:53', '2022-10-20 11:48:53'),
(76, 54, 0, '2022-2023', '2022-10-20 11:49:14', '2022-10-20 11:49:14'),
(77, 54, 1, '2022-2023', '2022-10-20 11:49:14', '2022-10-20 11:49:14'),
(78, 55, 0, '2022-2023', '2022-10-20 11:51:09', '2022-10-20 11:51:09'),
(79, 55, 1, '2022-2023', '2022-10-20 11:51:10', '2022-10-20 11:51:10'),
(80, 56, 1, '2022-2023', '2022-10-20 11:53:55', '2022-10-20 11:53:55'),
(81, 56, 0, '2022-2023', '2022-10-20 11:53:56', '2022-10-20 11:53:56'),
(82, 57, 0, '2022-2023', '2022-10-20 11:55:31', '2022-10-20 11:55:31'),
(83, 57, 1, '2022-2023', '2022-10-20 11:55:31', '2022-10-20 11:55:31'),
(84, 58, 1, '2022-2023', '2022-10-20 11:58:35', '2022-10-20 11:58:35'),
(85, 59, 1, '2022-2023', '2022-10-20 11:59:08', '2022-10-20 11:59:08'),
(86, 60, 0, '2022-2023', '2022-10-20 12:01:28', '2022-10-20 12:01:28'),
(87, 60, 1, '2022-2023', '2022-10-20 12:01:28', '2022-10-20 12:01:28'),
(88, 61, 0, '2022-2023', '2022-10-20 12:01:29', '2022-10-20 12:01:29'),
(89, 61, 1, '2022-2023', '2022-10-20 12:01:31', '2022-10-20 12:01:31'),
(114, 71, 0, '2022-2023', '2023-02-03 07:13:34', '2023-02-03 07:13:34'),
(91, 62, 0, '2022-2023', '2022-10-20 12:03:34', '2022-10-20 12:03:34'),
(92, 63, 1, '2022-2023', '2022-10-20 12:04:01', '2022-10-20 12:04:01'),
(93, 64, 1, '2022-2023', '2022-10-20 12:08:58', '2022-10-20 12:08:58'),
(94, 6, 0, '2022-2023', '2022-10-20 12:16:54', '2022-10-20 12:16:54'),
(95, 1, 1, '2022-2023', '2022-10-20 12:18:38', '2022-10-20 12:18:38'),
(96, 7, 1, '2022-2023', '2022-10-20 12:18:47', '2022-10-20 12:18:47'),
(97, 8, 1, '2022-2023', '2022-10-20 12:18:51', '2022-10-20 12:18:51'),
(98, 9, 1, '2022-2023', '2022-10-20 12:18:57', '2022-10-20 12:18:57'),
(99, 65, 0, '2022-2023', '2023-01-23 03:44:08', '2023-01-23 03:44:08'),
(100, 65, 1, '2022-2023', '2023-01-23 03:44:08', '2023-01-23 03:44:08'),
(101, 67, 0, '2022-2023', '2023-01-23 03:48:31', '2023-01-23 03:48:31'),
(102, 67, 1, '2022-2023', '2023-01-23 03:48:32', '2023-01-23 03:48:32'),
(103, 33, 0, '2022-2023', '2023-01-23 03:48:41', '2023-01-23 03:48:41'),
(104, 31, 0, '2022-2023', '2023-01-23 03:49:09', '2023-01-23 03:49:09'),
(105, 29, 0, '2022-2023', '2023-01-23 03:49:22', '2023-01-23 03:49:22'),
(106, 30, 0, '2022-2023', '2023-01-23 03:49:24', '2023-01-23 03:49:24'),
(107, 68, 0, '2022-2023', '2023-01-23 03:51:06', '2023-01-23 03:51:06'),
(108, 68, 1, '2022-2023', '2023-01-23 03:51:07', '2023-01-23 03:51:07'),
(109, 69, 0, '2022-2023', '2023-01-23 03:52:00', '2023-01-23 03:52:00'),
(110, 69, 1, '2022-2023', '2023-01-23 03:52:00', '2023-01-23 03:52:00'),
(113, 71, 1, '2022-2023', '2023-02-03 07:13:33', '2023-02-03 07:13:33'),
(112, 70, 1, '2022-2023', '2023-01-23 07:20:23', '2023-01-23 07:20:23'),
(115, 72, 0, '2022-2023', '2023-02-07 01:45:18', '2023-02-07 01:45:18'),
(116, 72, 1, '2022-2023', '2023-02-07 01:45:19', '2023-02-07 01:45:19');

-- --------------------------------------------------------

--
-- Table structure for table `angilist`
--

DROP TABLE IF EXISTS `angilist`;
CREATE TABLE IF NOT EXISTS `angilist` (
  `idd` int NOT NULL AUTO_INCREMENT,
  `school_id` int DEFAULT NULL,
  `angi` int DEFAULT NULL,
  `buleg` varchar(5) CHARACTER SET utf8mb3 COLLATE utf8mb3_unicode_ci DEFAULT NULL,
  PRIMARY KEY (`idd`)
) ENGINE=MyISAM DEFAULT CHARSET=utf8mb3;

-- --------------------------------------------------------

--
-- Table structure for table `angis`
--

DROP TABLE IF EXISTS `angis`;
CREATE TABLE IF NOT EXISTS `angis` (
  `id` bigint UNSIGNED NOT NULL AUTO_INCREMENT,
  `name` varchar(191) CHARACTER SET utf8mb4 COLLATE utf8mb4_unicode_ci NOT NULL,
  `angi` int NOT NULL,
  `buleg` varchar(5) CHARACTER SET utf8mb4 COLLATE utf8mb4_unicode_ci NOT NULL,
  `tuluv` int NOT NULL,
  `school_id` int NOT NULL,
  `teacher_id` int NOT NULL,
  `created_at` timestamp NULL DEFAULT NULL,
  `updated_at` timestamp NULL DEFAULT NULL,
  PRIMARY KEY (`id`),
  KEY `angis_school_id_foreign` (`school_id`),
  KEY `angis_teacher_id_foreign` (`teacher_id`)
) ENGINE=MyISAM DEFAULT CHARSET=utf8mb4 COLLATE=utf8mb4_unicode_ci;

-- --------------------------------------------------------

--
-- Table structure for table `asran`
--

DROP TABLE IF EXISTS `asran`;
CREATE TABLE IF NOT EXISTS `asran` (
  `student_id` int NOT NULL,
  `ovog` varchar(100) CHARACTER SET utf8mb3 COLLATE utf8mb3_unicode_ci DEFAULT NULL,
  `ner` varchar(100) CHARACTER SET utf8mb3 COLLATE utf8mb3_unicode_ci DEFAULT NULL,
  `bolovsrol` varchar(20) CHARACTER SET utf8mb3 COLLATE utf8mb3_unicode_ci DEFAULT NULL,
  `ajil` varchar(100) CHARACTER SET utf8mb3 COLLATE utf8mb3_unicode_ci DEFAULT NULL,
  `hbe` varchar(10) CHARACTER SET utf8mb3 COLLATE utf8mb3_unicode_ci DEFAULT NULL,
  `sohe` varchar(10) CHARACTER SET utf8mb3 COLLATE utf8mb3_unicode_ci DEFAULT NULL,
  `mun` varchar(10) CHARACTER SET utf8mb3 COLLATE utf8mb3_unicode_ci DEFAULT NULL,
  `utas` varchar(30) CHARACTER SET utf8mb3 COLLATE utf8mb3_unicode_ci DEFAULT NULL,
  `eovog` varchar(100) CHARACTER SET utf8mb3 COLLATE utf8mb3_unicode_ci DEFAULT NULL,
  `ener` varchar(100) CHARACTER SET utf8mb3 COLLATE utf8mb3_unicode_ci DEFAULT NULL,
  `ebolovsrol` varchar(20) CHARACTER SET utf8mb3 COLLATE utf8mb3_unicode_ci DEFAULT NULL,
  `eajil` varchar(100) CHARACTER SET utf8mb3 COLLATE utf8mb3_unicode_ci DEFAULT NULL,
  `ehbe` varchar(10) CHARACTER SET utf8mb3 COLLATE utf8mb3_unicode_ci DEFAULT NULL,
  `esohe` varchar(10) CHARACTER SET utf8mb3 COLLATE utf8mb3_unicode_ci DEFAULT NULL,
  `emun` varchar(10) CHARACTER SET utf8mb3 COLLATE utf8mb3_unicode_ci DEFAULT NULL,
  `eutas` varchar(30) CHARACTER SET utf8mb3 COLLATE utf8mb3_unicode_ci DEFAULT NULL,
  PRIMARY KEY (`student_id`)
) ENGINE=MyISAM DEFAULT CHARSET=utf8mb3 COLLATE=utf8mb3_unicode_ci;

-- --------------------------------------------------------

--
-- Table structure for table `error`
--

DROP TABLE IF EXISTS `error`;
CREATE TABLE IF NOT EXISTS `error` (
  `id` int NOT NULL AUTO_INCREMENT,
  `ip` varchar(20) NOT NULL,
  `error_code` int NOT NULL,
  `error` varchar(1000) NOT NULL,
  `file` varchar(100) NOT NULL,
  `line` int NOT NULL,
  `site` int NOT NULL,
  PRIMARY KEY (`id`)
) ENGINE=MyISAM DEFAULT CHARSET=latin1;

-- --------------------------------------------------------

--
-- Table structure for table `failed_jobs`
--

DROP TABLE IF EXISTS `failed_jobs`;
CREATE TABLE IF NOT EXISTS `failed_jobs` (
  `id` bigint UNSIGNED NOT NULL AUTO_INCREMENT,
  `uuid` varchar(191) CHARACTER SET utf8mb4 COLLATE utf8mb4_unicode_ci NOT NULL,
  `connection` text CHARACTER SET utf8mb4 COLLATE utf8mb4_unicode_ci NOT NULL,
  `queue` text CHARACTER SET utf8mb4 COLLATE utf8mb4_unicode_ci NOT NULL,
  `payload` longtext CHARACTER SET utf8mb4 COLLATE utf8mb4_unicode_ci NOT NULL,
  `exception` longtext CHARACTER SET utf8mb4 COLLATE utf8mb4_unicode_ci NOT NULL,
  `failed_at` timestamp NOT NULL DEFAULT CURRENT_TIMESTAMP,
  PRIMARY KEY (`id`),
  UNIQUE KEY `failed_jobs_uuid_unique` (`uuid`)
) ENGINE=MyISAM DEFAULT CHARSET=utf8mb4 COLLATE=utf8mb4_unicode_ci;

-- --------------------------------------------------------

--
-- Table structure for table `jil`
--

DROP TABLE IF EXISTS `jil`;
CREATE TABLE IF NOT EXISTS `jil` (
  `id` int NOT NULL AUTO_INCREMENT,
  `name` varchar(11) NOT NULL,
  PRIMARY KEY (`id`),
  UNIQUE KEY `name` (`name`)
) ENGINE=MyISAM AUTO_INCREMENT=2 DEFAULT CHARSET=latin1;

--
-- Dumping data for table `jil`
--

INSERT INTO `jil` (`id`, `name`) VALUES
(1, '2025-2026');

-- --------------------------------------------------------

--
-- Table structure for table `loginlog`
--

DROP TABLE IF EXISTS `loginlog`;
CREATE TABLE IF NOT EXISTS `loginlog` (
  `id` int NOT NULL AUTO_INCREMENT,
  `user` varchar(200) CHARACTER SET utf8mb3 COLLATE utf8mb3_unicode_ci NOT NULL,
  `hezee` datetime NOT NULL,
  `email` varchar(200) CHARACTER SET utf8mb3 COLLATE utf8mb3_unicode_ci NOT NULL,
  `userid` int NOT NULL,
  `user_role` varchar(15) CHARACTER SET utf8mb3 COLLATE utf8mb3_unicode_ci NOT NULL,
  `device` varchar(200) CHARACTER SET utf8mb3 COLLATE utf8mb3_unicode_ci NOT NULL,
  `ip` varchar(30) CHARACTER SET utf8mb3 COLLATE utf8mb3_unicode_ci NOT NULL,
  PRIMARY KEY (`id`)
) ENGINE=MyISAM DEFAULT CHARSET=utf8mb3 COLLATE=utf8mb3_unicode_ci;

-- --------------------------------------------------------

--
-- Table structure for table `migrations`
--

DROP TABLE IF EXISTS `migrations`;
CREATE TABLE IF NOT EXISTS `migrations` (
  `id` int UNSIGNED NOT NULL AUTO_INCREMENT,
  `migration` varchar(191) CHARACTER SET utf8mb4 COLLATE utf8mb4_unicode_ci NOT NULL,
  `batch` int NOT NULL,
  PRIMARY KEY (`id`)
) ENGINE=MyISAM DEFAULT CHARSET=utf8mb4 COLLATE=utf8mb4_unicode_ci;

-- --------------------------------------------------------

--
-- Table structure for table `najiltans`
--

DROP TABLE IF EXISTS `najiltans`;
CREATE TABLE IF NOT EXISTS `najiltans` (
  `id` bigint UNSIGNED NOT NULL AUTO_INCREMENT,
  `fname` varchar(200) CHARACTER SET utf8mb4 COLLATE utf8mb4_unicode_ci DEFAULT NULL,
  `lname` varchar(200) CHARACTER SET utf8mb4 COLLATE utf8mb4_unicode_ci DEFAULT NULL,
  `gender` varchar(10) CHARACTER SET utf8mb4 COLLATE utf8mb4_unicode_ci DEFAULT NULL,
  `email` varchar(200) CHARACTER SET utf8mb4 COLLATE utf8mb4_unicode_ci DEFAULT NULL,
  `phone` varchar(100) CHARACTER SET utf8mb4 COLLATE utf8mb4_unicode_ci DEFAULT NULL,
  `rd` varchar(10) CHARACTER SET utf8mb4 COLLATE utf8mb4_unicode_ci DEFAULT NULL,
  `mergejil` varchar(500) CHARACTER SET utf8mb4 COLLATE utf8mb4_unicode_ci DEFAULT NULL,
  `jil` double DEFAULT NULL,
  `school_id` int DEFAULT NULL,
  `pass` varchar(191) CHARACTER SET utf8mb4 COLLATE utf8mb4_unicode_ci DEFAULT NULL,
  `tuluv` int NOT NULL,
  `created_at` timestamp NULL DEFAULT NULL,
  `updated_at` timestamp NULL DEFAULT NULL,
  PRIMARY KEY (`id`),
  UNIQUE KEY `email` (`email`),
  KEY `najiltans_school_id_foreign` (`school_id`)
) ENGINE=MyISAM AUTO_INCREMENT=68 DEFAULT CHARSET=utf8mb4 COLLATE=utf8mb4_unicode_ci;

--
-- Dumping data for table `najiltans`
--

INSERT INTO `najiltans` (`id`, `fname`, `lname`, `gender`, `email`, `phone`, `rd`, `mergejil`, `jil`, `school_id`, `pass`, `tuluv`, `created_at`, `updated_at`) VALUES
(1, 'бямбадорж', 'түмэнбаяр', 'Эмэгтэй', 'nt.tumbee@gmail.com', '86225556', 'йй80102208', 'Боловсролын удирдлага', 19.7, 5, '86225556', 0, NULL, '2023-10-10 07:40:57'),
(2, 'шийрэвсүрэн', 'баасансүрэн', 'Эмэгтэй', 'baasansuren4qoe@medle.mn', '99687314', 'йо84120702', 'нийгмийн ажилтан', 11.6, 4, '0', 0, NULL, NULL),
(3, 'түмэнбаяр', 'сэрчмаа', 'Эмэгтэй', 'sseegii05@gmail.com', '88085594', 'йп89011925', 'Хэл, засалч', 9.7, 4, '0', 0, NULL, '2023-09-06 08:38:24'),
(4, 'батбаатар', 'золзаяа', 'Эмэгтэй', 'bzoza21@gmail.com', '99257419', 'йе90032207', 'Боловсролын нийгмийн ажилтан', 8.3, 2, '0', 0, NULL, '2024-10-07 02:22:22'),
(5, 'Төмөрбаатар', 'Долгорсүрэн', 'Эмэгтэй', 'doogii.ar2@gmail.com', '99167280', 'йю89122207', 'Боловсролын нийгмийн ажилтан', 11.2, 2, '1222', 1, NULL, '2023-05-18 06:13:01'),
(6, 'эрдэнэжаргал', 'цолмон', 'Эмэгтэй', 'tsolmonerdenejargal.999@gmail.com', '88809703', 'йт98011309', 'Нийгмийн ажил', 0.8, 16, '0', 0, NULL, '2023-01-25 12:30:31'),
(7, 'сангижаргал', 'мөнхдэлгэр', 'Эмэгтэй', 'moogii4111@gmail.com', '88224111', 'йй90050907', 'монгол-англи хэлний', 10.6, 19, '01', 0, NULL, '2023-01-30 08:48:58'),
(8, 'Банзрагч', 'Хүрэлбаатар', 'Эрэгтэй', 'khurle.0104@gmail.com', '88008468', 'йн91010418', 'Багш, нийгмийн ухааны', 1.2, 29, '88008468', 0, NULL, '2023-01-25 04:49:39'),
(9, 'зориг', 'нямсүрэн', 'Эрэгтэй', 'znymsvren249@gmail.com', '99695632', 'йю90100811', 'ниймгийн ажилтан', 10.1, 17, '1', 0, NULL, '2023-02-01 03:19:31'),
(10, 'Уранчимэг', 'Бум-эрдэнэ', 'Эрэгтэй', 'u.buyka99051210@gmail.com', '88919049', 'йм99051210', 'Боловсролын нийгмийн ажилтан', 1.6, 18, 'BUM0512', 1, NULL, '2023-02-06 02:43:36'),
(11, 'дашдондог', 'эрдэнэчулуун', 'Эмэгтэй', 'erdenechuluun.d1122@gmail.com', '95162233', 'йр70112264', 'Сэтгэл судлал', 4.1, 27, '0', 0, NULL, NULL),
(12, 'Лхагвасүрэн', 'Золжаргал', 'Эмэгтэй', 'l.zoljargal11@gmail.com', '99842387', 'йс99062003', 'Нийгмийн ажил', 0.6, 7, '99110620', 1, NULL, '2024-10-07 04:33:52'),
(13, 'Мигэд', 'Долгорсүрэн', 'Эмэгтэй', 'mi.d.erhem@gmail.com', '80034003, 94661517', 'йж70091207', 'Боловсролын нийгмийн ажилтан', 29.3, 13, '2003yargait', 0, NULL, '2023-10-17 12:32:43'),
(14, 'Сэдбазар', 'Мөнхсайхан', 'Эрэгтэй', 'Munhuu9286@gmail.com', '99562212', 'ЙГ70100215', 'Нийгмийн ажил', 12.8, 9, '99708885', 0, NULL, '2023-10-13 01:31:02'),
(15, 'батсуурь', 'бодьдулам', 'Эмэгтэй', 'bodi_0919@yahoo.com', '93028588, 95327272', 'йа85111401', 'Боловсролын нийгмийн ажилтан', 15.2, 8, '1114', 0, NULL, NULL),
(16, 'Цогзол', 'Болортуяа', 'Эмэгтэй', 'boogiii2207@gmail.com', '99294867', 'йк80032207', 'Боловсролын удирдлага', 11.4, 36, '99294867', 0, NULL, '2023-12-14 03:34:53'),
(17, 'буян', 'сайнбилэг', 'Эмэгтэй', 'sainaab51@gmail.com', '88759944', 'йн85112207', 'Боловсролын нийгмийн ажилтан', 12.2, 1, '88759944', 0, NULL, '2023-12-27 02:36:41'),
(18, 'ганболд', 'энхсайхан', 'Эрэгтэй', 'saikhanaa237@gmail.com', '88570808', 'йс85110513', 'Нийгмийн ажил', 6.2, 1, '91116421', 0, NULL, '2023-02-27 01:14:54'),
(19, 'гансүх', 'цоодол', 'Эмэгтэй', 'tsoodol21v3@medle.mn', '88827060', 'йс96012120', 'Нийгмийн ажил', 4.1, 35, '0', 1, NULL, NULL),
(20, 'жаргалсайхан', 'анхбаяр', 'Эмэгтэй', 'Anhaasuki@gmail.com', '91060991, 99214948', 'йр89010207', 'Боловсролын нийгмийн ажилтан', 6.1, 32, '01081002', 0, NULL, '2024-01-22 13:02:06'),
(21, 'хүрэлсүх', 'сүхбат', 'Эрэгтэй', 'sukheemgl2016@gmail.com', '90113870', 'йр95072410', 'газар зүй-аялал жуулчлалын', 3.3, 31, '1', 0, NULL, '2024-11-11 02:12:35'),
(22, 'бэхбат', 'шинэтуяа', 'Эмэгтэй', 'shinee5999@icloud.com', '88085999', 'ес85061807', 'Нийгмийн ажил', 5.5, 31, '1', 1, NULL, '2023-10-24 02:42:11'),
(23, 'мөнхдалай', 'болормаа', 'Эмэгтэй', 'bolormaa33da@medle.mn', '88328686', 'йо97110900', 'Багш,  гадаад хэлний боловсрол', 2, 1, '0', 1, NULL, '2023-02-28 07:23:19'),
(24, 'Энхсайхан', 'Уранчимэг', 'Эмэгтэй', 'e.urnaa8888@gmail.com', '96808029', 'йд89071306', 'Боловсролын нийгмийн ажилтан', 8.2, 3, '96808029', 1, NULL, '2023-03-31 03:22:23'),
(25, 'Галбаатар', 'Нямсүрэн', 'Эмэгтэй', 'galaanyam8668@gmail.com', '91917568', 'йм90123024', 'Боловсролын нийгмийн ажилтан', 8.9, 3, '91917568', 1, NULL, '2023-01-25 04:12:49'),
(26, 'ганбаатар', 'уранцэцэг', 'Эмэгтэй', 'g.urantsetseg0412@gmail.com', '89545436', 'вю00241209', 'Нийгмийн ажил', 0.2, 30, 'urnaa1234', 0, NULL, '2023-01-25 03:43:19'),
(27, 'Баярмөнх', 'Пагмадулам', 'Эмэгтэй', 'pagmapagmadulam@gmail.com', ' 80950920', 'йе95092003', 'Нийгмийн ажил', 1.5, 12, '0', 0, NULL, '2024-09-05 01:10:56'),
(43, 'Ганбаатар', 'Отгонтуяа', 'Эмэгтэй', 'g.otgontuya@ider.edu.mn', '99631555', 'ЙО97040120', NULL, NULL, 15, '123456', 1, '2023-01-25 04:34:11', '2023-09-28 06:36:40'),
(29, 'очирдорж', 'Пүрэвдаш', 'Эмэгтэй', 'o.dashka89@gmail.com', '89991810', 'йл77030305', '', 0.3, 26, 'dashka77', 0, NULL, '2023-09-15 00:54:11'),
(30, 'жамъянжав', 'нэмэхтогтох', 'Эрэгтэй', 'nemehjamyanjaw@gmail.com', '86233866, 95576868', 'йю71052570', 'Боловсролын нийгмийн ажилтан', 22.8, 14, '0', 0, NULL, '2023-10-18 03:04:35'),
(31, 'суурьтогтох', 'тунгалагтуяа', 'Эмэгтэй', 'stungaa99@gmail.com', '88106771', 'йю85052006', 'Судлал, монгол-гадаад хэл', 14.1, 6, 't88106771', 0, NULL, '2023-01-25 03:59:20'),
(32, 'пүрэвбаатар', 'баясгалан', 'Эмэгтэй', 'nine_8989@yahoo.com', '99231997, 80880070', 'оа85071902', 'Нийгмийн ажил', 14.2, 6, '0', 0, NULL, NULL),
(33, 'ганхуяг', 'мөнхзул', 'Эмэгтэй', 'ZulaaSW@gmail.com', '94750415', 'зл93041506', 'Нийгмийн ажил', 7.1, 10, '0', 0, NULL, NULL),
(34, 'ганбат', 'цэрэнчимэд', 'Эмэгтэй', 'odootsag77@gmail.com', '91102367', 'ам90022601', 'Боловсролын нийгмийн ажилтан', 8.4, 34, 'Nom2367', 0, NULL, '2023-09-11 09:33:45'),
(35, 'мягмардорж', 'долгорсүрэн', 'Эмэгтэй', 'm.dolgorsuren.1985@gmail.com', '96038910', 'йв85080802', 'Боловсролын нийгмийн ажилтан', 15.5, 37, '0', 0, NULL, NULL),
(36, 'Ж', 'Мягмаржав', 'Эмэгтэй', 'myagmarjaw7297@gmail.com', '99327297', 'ЙЮ79100201', NULL, NULL, 38, '1', 0, '2023-01-25 02:25:31', '2023-01-25 02:25:31'),
(41, 'Narankhuu', 'Dolgorsuren', 'Emegtei', 'dogoogsebs@gmail.com', '94559566', 'АЮ93021906', NULL, NULL, 33, '4536', 0, '2023-01-25 04:00:55', '2023-01-25 04:00:55'),
(38, 'Цэвээнсүрэн', 'Отгончимэг', 'Эмэгтэй', 'okoo.ok89@gmail.com', '91810008', 'ЙВ86062400', NULL, NULL, 11, '0', 1, '2023-01-25 03:45:53', '2023-01-25 03:45:53'),
(39, 'Гансүх', 'Цоодол', 'Эмэгтэй', 'tsoodol647@gmail.com', '88827060', 'йс96012120', NULL, NULL, 35, '4743', 0, '2023-01-25 03:48:22', '2024-03-27 07:42:46'),
(42, 'Бэх-Очир', 'Доржпагам', 'Эмэгтэй', 'Doogii8601@gmail.com', '86016699', 'ЙП88012808', NULL, NULL, 6, 'DO880834', 1, '2023-01-25 04:31:09', '2023-01-25 04:31:09'),
(40, 'Л', 'Лхагвадолгор ', 'Эмэгтэй', 'Lu.lkhagvadolgor@gmail.com', '99324408', 'ЙЙ87041901', NULL, NULL, 38, '1', 0, '2023-01-25 03:51:57', '2023-01-25 03:51:57'),
(44, 'Болд', 'Бямбасүрэн', 'Эмэгтэй', 'bymbasuren0129gmail.com', '89690582', 'ВО92012908', NULL, NULL, 11, '0', 0, '2023-02-01 07:52:58', '2023-03-01 03:00:09'),
(45, 'Алтансүх', 'Бадамцэцэг', 'Эмэгтэй', 'altansukhbadamtsetseg@gmail.com', '86323263', 'йв12345678', NULL, NULL, 20, '1', 0, '2023-03-06 04:10:53', '2023-03-06 04:10:53'),
(46, 'Бямбадорж', 'Дашзэвэг', 'Эмэгтэй', 'dshknaa@gmail.com', '94462206', 'ЙМ02261000', NULL, NULL, 18, '9999', 1, '2023-03-07 00:33:38', '2023-03-07 00:34:01'),
(47, 'Ренчиндавга ', 'Ундармаа ', 'Эмэгтэй', '99uyanga99@gmail.com ', '90999968', 'ЙО90092706', NULL, NULL, 3, '90999968', 0, '2023-04-04 03:46:57', '2023-04-04 03:46:57'),
(48, 'Батжаргал', 'Ууганзаяа', 'Эмэгтэй', 'uuganaaluck@gmail.com', '89556888', 'ВЮ97083103', NULL, NULL, 18, '12345678', 1, '2023-09-19 01:34:35', '2023-09-27 06:43:41'),
(49, 'Зориг', 'Нямбат', 'Эрэгтэй', 'nymbaa.1212@gmail.com', '88992842', 'ЙЙ12121212', NULL, NULL, 27, '2393', 0, '2023-09-20 06:54:53', '2023-09-20 06:55:16'),
(50, 'Ичинноров', 'Цэдэн-иш', 'Эмэгтэй', 'tsedka0612@gmail.com', '99842297', 'йи99061217', NULL, NULL, 18, '1434', 0, '2023-11-29 05:28:25', '2023-11-29 05:28:25'),
(51, 'Долгорсүрэн', 'Цэвэлээ', 'Эмэгтэй', 'tseweleedolgorsuren@gmail.com', ' 95167988', 'йю87051654', NULL, NULL, 28, '0000', 0, '2024-01-04 09:45:44', '2024-11-08 08:10:41'),
(52, 'Батхүү ', 'Цэрэндолгор ', 'Эмэгтэй', 'baynteegebs@gmail.com', '86323263', 'йю81041420', NULL, NULL, 20, '8751', 0, '2024-01-04 09:51:09', '2024-01-04 09:51:09'),
(53, 'Жамсрандаваа ', 'Эрдэнэтогтох', 'Эмэгтэй', 'Togtoh1228@gmail.com', '99760497', 'ЙБ96122808', NULL, NULL, 39, '96122808', 0, '2024-03-27 06:10:02', '2024-06-06 06:35:06'),
(54, 'Адъяа', 'Доржсэмбэ', 'Эмэгтэй', 'adoogii36@gmail.com', '80948177', 'ЙС98021108', NULL, NULL, 40, '0', 1, '2024-03-27 07:11:19', '2024-03-27 07:12:22'),
(55, 'Ханд', 'Лхагва', 'Эмэгтэй', 'h.lhagva0316@gmail.com', '85191172', 'йс99031607', NULL, NULL, 40, '0000', 1, '2024-09-06 06:46:18', '2024-09-06 06:46:18'),
(56, 'Батжаргал ', 'Саруул -Эрдэнэ ', 'Эрэгтэй', 'sna.saruul@gmail.com', '99278654', 'ке90060814', NULL, NULL, 30, 'saruul1234', 0, '2024-09-11 05:12:42', '2024-09-11 05:19:52'),
(57, 'Баярлах ', 'Цэрэндулам ', 'Эмэгтэй', 'tugsuu.tseegii0414@gmail.com', '85858300', 'йк95020604', NULL, NULL, 2, '85858300', 0, '2024-09-12 03:35:37', '2024-12-26 02:36:49'),
(58, 'Далайгэрэл ', 'Бумцэнд ', 'Эрэгтэй', 'dbumtsend11@gmail.com ', '94222773', 'ЙО02291611', NULL, NULL, 15, '0000', 1, '2024-09-19 04:26:01', '2024-09-19 04:26:01'),
(59, 'Дуламсүрэн', 'Өсөхбаяр', 'Эрэгтэй', 'dulshbaar9@gmail.com', '94834078', 'ЙБ01220235', NULL, NULL, 7, '02020202', 0, '2024-10-07 04:33:18', '2024-10-07 04:33:18'),
(60, 'Адъяадорж', 'Батзориг', 'Эрэгтэй', 'batzorig0412@gmail.com', '88615123', 'ЙО00241259', NULL, NULL, 15, '8504', 0, '2025-02-03 06:42:20', '2025-02-03 06:42:20'),
(61, 'Найдан ', 'Болормаа ', 'Эмэгтэй', 'nbolor1231@gmail.com', '80081182', 'йз71123100', NULL, NULL, 14, '0000', 0, '2025-02-25 02:42:46', '2025-02-25 02:42:46'),
(62, 'Алтансүх ', 'Молом', 'Эмэгтэй', 'mmolom343@gmail.com', '88611106', 'йн97110605', NULL, NULL, 29, '88611106', 0, '2025-08-26 01:59:42', '2025-10-01 07:26:35'),
(63, 'Баярболд', 'Сандуй', 'Эрэгтэй', 'b.sagii002@gmail.com', '85371402', 'йю02311712', NULL, NULL, 3, '85371402', 0, '2025-09-05 01:35:24', '2025-09-05 01:35:24'),
(64, 'Дорж', 'Оюунцэцэг', 'Эмэгтэй', 'oyuoyuntsetseg@gmail.com', '89844455', 'йк88051509', NULL, NULL, 3, '89844455', 0, '2025-09-05 01:57:50', '2025-09-05 01:57:50'),
(65, 'Эрдэнэсайхан', 'Түмэнцэцэг', 'Эмэгтэй', 'Tumeeee0309@gmail.com ', '80217076', 'ЙЛ02230209', NULL, NULL, 26, '0303', 0, '2025-09-05 08:52:31', '2025-09-05 08:52:31'),
(66, 'Эрдэнэбат ', 'Болормаа ', 'Эмэгтэй', 'erdenebatbolormaa09@gmail.com', '80469994', 'ил01272800', NULL, NULL, 40, '1003', 0, '2025-09-19 02:17:13', '2025-09-19 02:17:13'),
(67, 'Ганбаатар ', 'Мөнх-Эрдэнэ', 'Эрэгтэй', 'Munherdene0706@gmail.com', '90114989', 'ЙБ99043031', NULL, NULL, 18, '0000', 0, '2025-10-06 08:44:28', '2025-10-06 08:44:28');

-- --------------------------------------------------------

--
-- Table structure for table `password_resets`
--

DROP TABLE IF EXISTS `password_resets`;
CREATE TABLE IF NOT EXISTS `password_resets` (
  `email` varchar(191) CHARACTER SET utf8mb4 COLLATE utf8mb4_unicode_ci NOT NULL,
  `token` varchar(191) CHARACTER SET utf8mb4 COLLATE utf8mb4_unicode_ci NOT NULL,
  `created_at` timestamp NULL DEFAULT NULL,
  KEY `password_resets_email_index` (`email`)
) ENGINE=MyISAM DEFAULT CHARSET=utf8mb4 COLLATE=utf8mb4_unicode_ci;

-- --------------------------------------------------------

--
-- Table structure for table `personal_access_tokens`
--

DROP TABLE IF EXISTS `personal_access_tokens`;
CREATE TABLE IF NOT EXISTS `personal_access_tokens` (
  `id` bigint UNSIGNED NOT NULL AUTO_INCREMENT,
  `tokenable_type` varchar(191) CHARACTER SET utf8mb4 COLLATE utf8mb4_unicode_ci NOT NULL,
  `tokenable_id` bigint UNSIGNED NOT NULL,
  `name` varchar(191) CHARACTER SET utf8mb4 COLLATE utf8mb4_unicode_ci NOT NULL,
  `token` varchar(64) CHARACTER SET utf8mb4 COLLATE utf8mb4_unicode_ci NOT NULL,
  `abilities` text CHARACTER SET utf8mb4 COLLATE utf8mb4_unicode_ci,
  `last_used_at` timestamp NULL DEFAULT NULL,
  `created_at` timestamp NULL DEFAULT NULL,
  `updated_at` timestamp NULL DEFAULT NULL,
  PRIMARY KEY (`id`),
  UNIQUE KEY `personal_access_tokens_token_unique` (`token`),
  KEY `personal_access_tokens_tokenable_type_tokenable_id_index` (`tokenable_type`,`tokenable_id`)
) ENGINE=MyISAM DEFAULT CHARSET=utf8mb4 COLLATE=utf8mb4_unicode_ci;

-- --------------------------------------------------------

--
-- Table structure for table `schools`
--

DROP TABLE IF EXISTS `schools`;
CREATE TABLE IF NOT EXISTS `schools` (
  `id` bigint UNSIGNED NOT NULL AUTO_INCREMENT,
  `school_name` varchar(191) CHARACTER SET utf8mb4 COLLATE utf8mb4_unicode_ci NOT NULL,
  `sum` varchar(191) CHARACTER SET utf8mb4 COLLATE utf8mb4_unicode_ci NOT NULL,
  `director` varchar(191) CHARACTER SET utf8mb4 COLLATE utf8mb4_unicode_ci NOT NULL,
  `phone` varchar(191) CHARACTER SET utf8mb4 COLLATE utf8mb4_unicode_ci NOT NULL,
  `tuluv` int NOT NULL,
  `created_at` timestamp NULL DEFAULT NULL,
  `updated_at` timestamp NULL DEFAULT NULL,
  PRIMARY KEY (`id`)
) ENGINE=MyISAM DEFAULT CHARSET=utf8mb4 COLLATE=utf8mb4_unicode_ci;

-- --------------------------------------------------------

--
-- Table structure for table `shalguurbuleg`
--

DROP TABLE IF EXISTS `shalguurbuleg`;
CREATE TABLE IF NOT EXISTS `shalguurbuleg` (
  `id` int NOT NULL AUTO_INCREMENT,
  `name` varchar(300) CHARACTER SET utf8mb3 COLLATE utf8mb3_unicode_ci NOT NULL,
  `tuluv` int NOT NULL,
  PRIMARY KEY (`id`)
) ENGINE=MyISAM AUTO_INCREMENT=9 DEFAULT CHARSET=utf8mb3 COLLATE=utf8mb3_unicode_ci;

--
-- Dumping data for table `shalguurbuleg`
--

INSERT INTO `shalguurbuleg` (`id`, `name`, `tuluv`) VALUES
(1, 'Нийгмийн орчин дахь эрсдэл', 1),
(2, 'Сургуулийн орчин дахь эрсдэл', 1),
(3, 'Гэр бүлийн орчин дахь эрсдэл', 1),
(4, 'Хувь хүнээс шалтгаалах эрсдэл', 1);

-- --------------------------------------------------------

--
-- Table structure for table `shalguurdeds`
--

DROP TABLE IF EXISTS `shalguurdeds`;
CREATE TABLE IF NOT EXISTS `shalguurdeds` (
  `id` bigint UNSIGNED NOT NULL AUTO_INCREMENT,
  `name` varchar(191) CHARACTER SET utf8mb4 COLLATE utf8mb4_unicode_ci NOT NULL,
  `shalguur_id` int NOT NULL,
  `tuluv` int NOT NULL,
  `turul` int NOT NULL,
  `created_at` timestamp NULL DEFAULT NULL,
  `updated_at` timestamp NULL DEFAULT NULL,
  PRIMARY KEY (`id`),
  KEY `shalguurdeds_shalguur_id_foreign` (`shalguur_id`)
) ENGINE=MyISAM AUTO_INCREMENT=127 DEFAULT CHARSET=utf8mb4 COLLATE=utf8mb4_unicode_ci;

--
-- Dumping data for table `shalguurdeds`
--

INSERT INTO `shalguurdeds` (`id`, `name`, `shalguur_id`, `tuluv`, `turul`, `created_at`, `updated_at`) VALUES
(1, 'Айлын хүүхэд хардаг', 8, 1, 0, '2022-08-15 04:22:32', '2022-08-15 04:22:32'),
(2, 'Бусад сургуулийн сурагчдыг зүгээс', 22, 1, 1, '2022-08-15 04:22:32', '2022-08-15 04:22:32'),
(3, 'Гудамж талбайд', 22, 1, 1, '2022-08-15 04:22:32', '2022-08-15 04:22:32'),
(5, 'Эцэгтэйгээ хамт амьдардаг', 4, 1, 1, '2022-08-15 04:22:32', '2022-08-15 04:22:32'),
(9, 'Хамаатан садангийндаа амьдардаг', 26, 1, 1, '2022-08-15 04:22:32', '2022-08-15 04:22:32'),
(15, 'Өөрийн гэр бүлийн морийг унадаг', 7, 1, 1, '2022-10-10 08:01:06', '2022-10-10 08:01:06'),
(14, 'Сургуулийн орчинд', 22, 1, 1, '2022-10-10 05:20:02', '2022-10-10 05:20:02'),
(16, 'Бусдын гэр бүлийн морийг шан харамжаар унадаг', 7, 1, 1, '2022-10-10 08:01:46', '2022-10-10 08:01:46'),
(17, 'Барилга дээр ажиллагдаг', 8, 1, 1, '2022-10-10 08:02:15', '2022-10-10 08:02:15'),
(18, 'Үйлдвэр, цехэд ажилладаг', 8, 1, 1, '2022-10-10 08:02:25', '2022-10-10 08:02:25'),
(19, 'Бар, ресторанд ажилладаг', 8, 1, 1, '2022-10-10 08:02:34', '2022-10-10 08:02:34'),
(20, 'Цайны газар, дэлгүүрт ажилладаг', 8, 1, 1, '2022-10-10 08:02:42', '2022-10-10 08:02:42'),
(21, 'Айлд мал малладаг', 8, 1, 1, '2022-10-10 08:02:50', '2022-10-10 08:02:50'),
(22, 'Анги хамт олон дотроо', 22, 1, 1, '2022-10-10 08:17:57', '2022-10-10 08:17:57'),
(23, 'Эхтэйгээ хамт амьдардаг', 4, 1, 1, '2022-10-10 08:20:41', '2022-10-10 08:20:41'),
(24, 'Гэр', 24, 1, 1, '2022-10-10 08:22:32', '2022-10-10 08:22:32'),
(25, 'Байр, байшин', 24, 1, 1, '2022-10-10 08:22:41', '2022-10-10 08:22:41'),
(26, 'Хашаа', 24, 1, 1, '2022-10-10 08:22:50', '2022-10-10 08:22:50'),
(27, 'Аавтайгаа амьдардаг', 26, 1, 1, '2022-10-10 08:24:27', '2022-10-10 08:24:27'),
(28, 'Ээжтэйгээ амьдардаг', 26, 1, 1, '2022-10-10 08:24:47', '2022-10-10 08:24:47'),
(29, 'Эмээ, өвөөтэйгөө амьдардаг', 26, 1, 1, '2022-10-10 08:25:01', '2022-10-10 08:25:01'),
(30, 'Түлээ түлшгүй', 27, 1, 0, '2022-10-11 15:19:55', '2022-10-11 15:19:55'),
(31, 'Бохир заваан', 27, 1, 0, '2022-10-11 15:20:05', '2022-10-11 15:20:05'),
(32, 'Хоол хүнсний дутагдалтай', 27, 1, 0, '2022-10-11 15:20:18', '2022-10-11 15:20:18'),
(33, 'Хувцас, хичээлийн хэрэглэл дутмаг', 27, 1, 0, '2022-10-11 15:20:29', '2022-10-11 15:20:29'),
(34, 'Суралцах орчин дутмаг', 27, 1, 0, '2022-10-11 15:20:37', '2022-10-11 15:20:37'),
(35, 'Ганцаарчилсан сургалтын төлөвлөгөөгөөр хичээллэдэг', 21, 1, 1, '2022-10-11 15:56:28', '2022-10-11 15:56:28'),
(36, 'Ганцаарчилсан сургалтын төлөвлөгөөгөөр хичээллэдэггүй', 21, 1, 1, '2022-10-11 15:56:34', '2022-10-11 15:56:34'),
(37, 'Анги хамт олон дотроо', 28, 1, 1, '2022-10-20 10:07:27', '2022-10-20 10:07:27'),
(38, 'Сургуулийн орчинд', 28, 1, 1, '2022-10-20 10:07:42', '2022-10-20 10:07:42'),
(39, 'Бусад сургуулийн сурагчдыг зүгээс', 28, 1, 1, '2022-10-20 10:07:52', '2022-10-20 10:07:52'),
(40, 'Гудамж талбайд', 28, 1, 1, '2022-10-20 10:08:02', '2022-10-20 10:08:02'),
(42, 'Хойд эцэг', 34, 1, 1, '2022-10-20 11:09:36', '2022-10-20 11:09:36'),
(43, 'Хойд эх', 34, 1, 1, '2022-10-20 11:09:59', '2022-10-20 11:09:59'),
(44, 'Хүүхдийн мөнгө', 35, 1, 1, '2022-10-20 11:11:48', '2022-10-20 11:11:48'),
(45, 'Гэр бүл салсны тэтгэмж', 35, 1, 1, '2022-10-20 11:12:16', '2022-10-20 11:12:16'),
(46, 'Аав', 36, 1, 1, '2022-10-20 11:13:51', '2022-10-20 11:13:51'),
(47, 'Ээж', 36, 1, 1, '2022-10-20 11:14:13', '2022-10-20 11:14:13'),
(48, 'Өвөө', 36, 1, 1, '2022-10-20 11:14:32', '2022-10-20 11:14:32'),
(49, 'Эмээ', 36, 1, 1, '2022-10-20 11:14:56', '2022-10-20 11:14:56'),
(50, 'Ах ', 36, 1, 1, '2022-10-20 11:15:18', '2022-10-20 11:15:18'),
(51, 'Эгч', 36, 1, 1, '2022-10-20 11:15:40', '2022-10-20 11:15:40'),
(52, 'Хамт амьдардаг ', 36, 1, 1, '2022-10-20 11:15:58', '2022-10-20 11:15:58'),
(53, 'Аав ', 37, 1, 1, '2022-10-20 11:22:12', '2022-10-20 11:22:12'),
(54, 'Ээж', 37, 1, 1, '2022-10-20 11:22:27', '2022-10-20 11:22:27'),
(55, 'Өвөө', 37, 1, 1, '2022-10-20 11:22:40', '2022-10-20 11:22:40'),
(56, 'Эмээ', 37, 1, 1, '2022-10-20 11:22:56', '2022-10-20 11:22:56'),
(57, 'Ах', 37, 1, 1, '2022-10-20 11:23:11', '2022-10-20 11:23:11'),
(58, 'Эгч', 37, 1, 1, '2022-10-20 11:23:36', '2022-10-20 11:23:36'),
(59, 'Хамт амьдардаг хамаатны хүн', 37, 1, 1, '2022-10-20 11:23:49', '2022-10-20 11:23:49'),
(60, 'Сэтгэл санааны хүчирхийлэл', 42, 1, 1, '2022-10-20 11:30:22', '2022-10-20 11:30:22'),
(61, 'Бие махбодийн хүчирхийлэл', 42, 1, 1, '2022-10-20 11:30:42', '2022-10-20 11:30:42'),
(62, 'Үл хайхрах хүчирхийлэл', 42, 1, 1, '2022-10-20 11:31:00', '2022-10-20 11:31:00'),
(63, 'Түлээ түлшгүй', 43, 1, 1, '2022-10-20 11:32:50', '2022-10-20 11:32:50'),
(64, 'Бохир заваан', 43, 1, 1, '2022-10-20 11:33:07', '2022-10-20 11:33:07'),
(65, 'Хоол хүнсний дутагдалтай', 43, 1, 1, '2022-10-20 11:33:28', '2022-10-20 11:33:28'),
(66, 'Хувцас, хичээлийн хэрэглэл дутмаг', 43, 1, 1, '2022-10-20 11:33:45', '2022-10-20 11:33:45'),
(67, 'Суралцах орчин дутмаг', 43, 1, 1, '2022-10-20 11:34:02', '2022-10-20 11:34:02'),
(68, 'Гадаадад ', 45, 1, 1, '2022-10-20 11:37:19', '2022-10-20 11:37:19'),
(69, 'Өөр аймагт', 45, 1, 1, '2022-10-20 11:37:38', '2022-10-20 11:37:38'),
(70, 'Улаанбаатарт', 45, 1, 1, '2022-10-20 11:37:55', '2022-10-20 11:37:55'),
(99, 'Аав', 47, 1, 1, '2022-10-20 12:29:29', '2022-10-20 12:29:29'),
(100, 'Ээж', 47, 1, 1, '2022-10-20 12:29:32', '2022-10-20 12:29:32'),
(101, 'Өвөө', 47, 1, 1, '2022-10-20 12:29:37', '2022-10-20 12:29:37'),
(73, 'Амархан уйлдаг', 55, 1, 1, '2022-10-20 11:51:23', '2022-10-20 11:51:23'),
(74, 'Амархан гомддог', 55, 1, 1, '2022-10-20 11:51:41', '2022-10-20 11:51:41'),
(75, 'Амархан ууралдаг', 55, 1, 1, '2022-10-20 11:52:01', '2022-10-20 11:52:01'),
(76, 'Хэт зөрүүд', 55, 1, 1, '2022-10-20 11:52:20', '2022-10-20 11:52:20'),
(77, 'Бусдыг цохиж ', 55, 1, 1, '2022-10-20 11:52:39', '2022-10-20 11:52:39'),
(78, 'Ганцаардмал зожиг', 55, 1, 1, '2022-10-20 11:52:58', '2022-10-20 11:52:58'),
(79, 'Ганцаардмал зожиг', 55, 1, 1, '2022-10-20 11:53:02', '2022-10-20 11:53:02'),
(80, 'Амархан уйлдаг', 56, 1, 1, '2022-10-20 11:54:20', '2022-10-20 11:54:20'),
(81, 'Амархан гомддог', 56, 1, 1, '2022-10-20 11:54:33', '2022-10-20 11:54:33'),
(82, 'Амархан гомддог', 56, 1, 1, '2022-10-20 11:54:38', '2022-10-20 11:54:38'),
(83, 'Амархан уйлдаг', 57, 1, 1, '2022-10-20 11:55:54', '2022-10-20 11:55:54'),
(84, 'Амархан гомддог', 57, 1, 1, '2022-10-20 11:56:20', '2022-10-20 11:56:20'),
(85, 'Амархан ууралдаг', 57, 1, 1, '2022-10-20 11:56:41', '2022-10-20 11:56:41'),
(86, 'Хэт зөрүүд', 57, 1, 1, '2022-10-20 11:56:56', '2022-10-20 11:56:56'),
(87, 'Бусдыг цохиж зоддог', 57, 1, 1, '2022-10-20 11:57:17', '2022-10-20 11:57:17'),
(88, 'Ганцаардмал зожиг', 57, 1, 1, '2022-10-20 11:57:30', '2022-10-20 11:57:30'),
(89, 'Утаат тамхи татдаг', 59, 1, 1, '2022-10-20 11:59:35', '2022-10-20 11:59:35'),
(90, 'Электрон тамхи татдаг', 59, 1, 1, '2022-10-20 11:59:52', '2022-10-20 11:59:52'),
(91, '1-2 цаг', 61, 1, 1, '2022-10-20 12:01:48', '2022-10-20 12:01:48'),
(92, '2-4 цаг', 61, 1, 1, '2022-10-20 12:02:08', '2022-10-20 12:02:08'),
(93, '4-6 цаг', 61, 1, 1, '2022-10-20 12:02:21', '2022-10-20 12:02:21'),
(94, 'Өөрөөсөө ах/эгч хүнтэй үерхдэг', 63, 1, 1, '2022-10-20 12:04:24', '2022-10-20 12:04:24'),
(95, 'Үеийн хүүхэдтэй үерхдэг', 63, 1, 1, '2022-10-20 12:04:46', '2022-10-20 12:04:46'),
(96, 'Нийтийн тээвэр', 6, 1, 1, '2022-10-20 12:17:23', '2022-10-20 12:17:23'),
(97, 'Мотоцикл', 6, 1, 1, '2022-10-20 12:17:32', '2022-10-20 12:17:32'),
(98, 'Аав ээж, асран хамгаалагчийн машинаар', 6, 1, 1, '2022-10-20 12:17:48', '2022-10-20 12:17:48'),
(102, 'Эмээ', 47, 1, 1, '2022-10-20 12:29:40', '2022-10-20 12:29:40'),
(103, 'Ах', 47, 1, 1, '2022-10-20 12:29:44', '2022-10-20 12:29:44'),
(104, 'Эгч', 47, 1, 1, '2022-10-20 12:29:48', '2022-10-20 12:29:48'),
(105, 'Хөдөө ахуйн үйлдвэрлэл', 70, 1, 1, '2023-01-23 07:24:02', '2023-01-23 07:24:02'),
(106, 'Мал аж ахуйн үйлдвэрлэл', 70, 1, 1, '2023-01-23 07:24:38', '2023-01-23 07:24:38'),
(107, 'Ан агнуур', 70, 1, 1, '2023-01-23 07:24:54', '2023-01-23 07:24:54'),
(108, 'Ойн бүх төрлийн үйл ажиллагаа', 70, 1, 1, '2023-01-23 07:25:04', '2023-01-23 07:25:04'),
(109, 'Загас агнуур', 70, 1, 1, '2023-01-23 07:25:18', '2023-01-23 07:25:18'),
(110, 'Уул уурхай, олборлолт', 70, 1, 1, '2023-01-23 07:25:53', '2023-01-23 07:25:53'),
(111, 'Барилга', 70, 1, 1, '2023-01-23 07:26:07', '2023-01-23 07:26:07'),
(112, 'Боловсруулах үйлдвэрлэл', 70, 1, 1, '2023-01-23 07:27:21', '2023-01-23 07:27:21'),
(113, 'Ус хангамж, хог хаягдлын менежменттэй холбоотой үйл ажиллагаа', 70, 1, 1, '2023-01-23 07:27:40', '2023-01-23 07:27:40'),
(114, 'Гэр ахуйн болон эрүүл мэндийн сувилгаа, үйлчилгээ', 70, 1, 1, '2023-01-23 07:27:50', '2023-01-23 07:27:50'),
(115, 'Цэвэрлэгээ үйлчилгээ', 70, 1, 1, '2023-01-23 07:28:50', '2023-01-23 07:28:50'),
(116, 'Насанд хүрсэн ах эгчтэйгээ амьдардаг', 26, 1, 1, '2023-01-24 04:30:45', '2023-01-24 04:30:45'),
(117, 'Дүү', 37, 1, 1, '2023-01-24 04:37:27', '2023-01-24 04:37:27'),
(118, '6 цагаас дээш', 61, 1, 1, '2023-01-24 04:46:39', '2023-01-24 04:46:39'),
(119, '1-2 удаагийн', 50, 1, 1, '2023-02-03 07:08:39', '2023-02-03 07:08:39'),
(120, '3-5 удаагийн', 50, 1, 1, '2023-02-03 07:08:58', '2023-02-03 07:08:58'),
(121, '5-аас дээш удаагийн ', 50, 1, 1, '2023-02-03 07:09:32', '2023-02-03 07:09:32'),
(122, 'Насанд хүрсэн хүнтэй үерхдэг', 63, 1, 1, '2023-02-03 07:10:05', '2023-02-03 07:10:05'),
(123, 'Өөрөөсөө дүү сурагчтай үерхдэг', 63, 1, 1, '2023-02-03 07:10:40', '2023-02-03 07:10:40'),
(124, '1-2 удаа', 71, 1, 1, '2023-02-03 07:13:50', '2023-02-03 07:13:50'),
(125, '2-5 удаа', 71, 1, 1, '2023-02-03 07:13:56', '2023-02-03 07:13:56'),
(126, '5-аас дээш удаа', 71, 1, 1, '2023-02-03 07:14:03', '2023-02-03 07:14:03');

-- --------------------------------------------------------

--
-- Table structure for table `shalguurs`
--

DROP TABLE IF EXISTS `shalguurs`;
CREATE TABLE IF NOT EXISTS `shalguurs` (
  `id` bigint UNSIGNED NOT NULL AUTO_INCREMENT,
  `buleg_id` int NOT NULL,
  `name` varchar(191) CHARACTER SET utf8mb4 COLLATE utf8mb4_unicode_ci NOT NULL,
  `ded` int NOT NULL,
  `hariulttype` int NOT NULL,
  `turul` int NOT NULL,
  `tuluv` int NOT NULL,
  `created_at` timestamp NULL DEFAULT NULL,
  `updated_at` timestamp NULL DEFAULT NULL,
  PRIMARY KEY (`id`)
) ENGINE=MyISAM AUTO_INCREMENT=73 DEFAULT CHARSET=utf8mb4 COLLATE=utf8mb4_unicode_ci;

--
-- Dumping data for table `shalguurs`
--

INSERT INTO `shalguurs` (`id`, `buleg_id`, `name`, `ded`, `hariulttype`, `turul`, `tuluv`, `created_at`, `updated_at`) VALUES
(1, 1, 'Гэр нь 3-аас дээш км-ийн зайд байдаг ба харанхуй гудамж жалгаар алхаж ирж, очдог', 0, 0, 0, 1, '2022-08-14 20:22:32', '2022-10-09 23:54:37'),
(2, 2, 'Хичээлийн хоцрогдолтой', 0, 0, 0, 1, '2022-08-14 20:22:32', '2022-10-10 00:14:30'),
(3, 2, 'Хичээл шалтгаангүйгээр тасалдаг', 0, 0, 0, 1, '2022-08-14 20:22:32', '2022-10-10 00:16:40'),
(4, 3, 'Хагас өнчин', 1, 0, 0, 1, '2022-08-14 20:22:32', '2023-02-03 07:11:53'),
(5, 4, 'Дээрэнгүй зан төрхтэй эсэх', 0, 0, 0, 1, '2022-08-14 20:22:32', '2022-10-10 00:28:05'),
(6, 1, 'Гэр нь хол учраас авто тээврийн хэрэгслээр зорчдог', 1, 0, 0, 1, '2022-08-14 20:22:32', '2022-10-20 12:17:51'),
(7, 1, 'Хурдан морь унадаг', 1, 0, 0, 1, '2022-08-14 20:22:32', '2023-02-03 07:11:26'),
(8, 1, 'Хичээлийн бус цагаар хуулиар зөвшөөрсөн хөнгөн хөдөлмөр эрхэлдэг эсэх', 0, 0, 0, 1, '2022-08-14 20:22:32', '2023-01-24 04:21:37'),
(9, 1, 'Гэрийнх нь ойроолцоо бар, цэнгээний газар, РС тоглоомын газар байдаг', 0, 0, 0, 1, '2022-08-14 20:22:32', '2022-10-10 00:07:45'),
(23, 3, 'Бүтэн өнчин', 0, 0, 0, 1, '2022-10-10 00:21:43', '2022-10-10 00:21:54'),
(22, 2, 'Үе тэнгийн дээрэлхэлтэд өртдөг эсэх', 1, 0, 0, 1, '2022-10-10 00:17:43', '2023-01-23 04:33:49'),
(21, 4, 'Хөгжлийн бэрхшээлтэй эсэх', 1, 0, 0, 1, '2022-09-30 08:43:35', '2022-09-30 08:43:35'),
(24, 3, 'Гэр бүлээрээ түрээсийн гэр, байр, хашаанд амьдардаг', 1, 0, 0, 1, '2022-10-10 00:22:20', '2022-10-20 10:31:54'),
(25, 3, 'Суудаг айлынх нь гишүүд хараа хяналт, халамж анхаарал муутай ', 0, 0, 0, 1, '2022-10-10 00:23:33', '2022-10-10 00:23:33'),
(26, 3, 'Аав ээж нь салсан', 1, 0, 0, 1, '2022-10-10 00:24:10', '2023-01-24 04:31:02'),
(27, 2, '3 ба түүнээс дээш хичээлийн хоцрогдолтой', 0, 0, 0, 1, '2022-10-20 10:06:21', '2022-10-20 10:47:15'),
(29, 2, 'Анги хамт олон дотроо найрсаг харилцаатай эсэх', 0, 0, 0, 1, '2022-10-20 11:01:45', '2022-10-20 11:01:45'),
(30, 2, 'Тулгамдсан асуудлаа АУБ-даа хуваалцаж ярилцдаг эсэх', 0, 0, 0, 1, '2022-10-20 11:02:44', '2022-10-20 11:02:44'),
(31, 2, 'Цахим орчинд хүчирхийлэл, дээрэлхэлтэд өртдөг эсэх', 0, 0, 0, 1, '2022-10-20 11:03:48', '2023-01-23 04:34:32'),
(33, 2, 'Сэтгэл зүйчтэй холбож, сэтгэл зүйн зөвлөгөө авах шуурдлагатай эсэх', 0, 0, 0, 1, '2022-10-20 11:05:40', '2022-10-20 11:05:40'),
(34, 3, 'Хойд эцэг, эхтэй', 1, 0, 0, 1, '2022-10-20 11:08:30', '2022-10-20 11:10:00'),
(35, 3, 'Тухайн хүүхэд тэтгэмжийн мөнгөө авч чаддаггүй', 1, 0, 0, 1, '2022-10-20 11:10:57', '2022-10-20 11:12:17'),
(36, 3, 'Архины хамааралтай хүнтэй хамт амьдардаг', 1, 0, 0, 1, '2022-10-20 11:13:14', '2022-10-20 11:19:03'),
(37, 3, 'Хөгжлийн бэрхшээлтэй иргэнтэй хамт амьдардаг', 1, 0, 0, 1, '2022-10-20 11:21:09', '2023-01-24 04:37:29'),
(38, 3, 'Аав, ээж асран хамгаалагч нь хүмүүжлийн эерэг арга хэрэглэдэггүй', 0, 0, 0, 1, '2022-10-20 11:25:18', '2022-10-20 11:25:18'),
(39, 3, 'Халамж анхаарал дутмаг өрхийн хүүхэд', 0, 0, 0, 1, '2022-10-20 11:27:09', '2022-10-20 11:27:09'),
(40, 3, 'Гэр бүлийн гишүүдээс нь мөрийтэй тоглоом тоглодог', 0, 0, 0, 1, '2022-10-20 11:28:38', '2023-01-24 02:30:05'),
(41, 3, 'Гэрт нь гадны хүмүүс ихээр цуглардаг', 0, 0, 0, 1, '2022-10-20 11:29:07', '2022-10-20 11:29:07'),
(42, 3, 'Гэр бүлийн хүчирхийлэлтэй өрх', 1, 1, 0, 1, '2022-10-20 11:29:32', '2022-10-20 12:32:57'),
(43, 3, 'Ахуйн орчин нөхцөл муутай', 1, 1, 0, 1, '2022-10-20 11:31:51', '2022-11-15 15:33:10'),
(44, 3, 'Эцэг эх, асран хамгаалагч нь “Эцэг эх, асран хамгаалагчийн хурал, уулзалт”-нд тогтмол оролцдог', 0, 0, 0, 1, '2022-10-20 11:35:02', '2022-10-20 11:35:02'),
(45, 3, 'Эцэг, эх нь хол ажил эрхэлдэг', 1, 0, 0, 1, '2022-10-20 11:36:46', '2022-10-20 11:38:00'),
(71, 3, 'Гэр бүлийн орчинд хүчирхийлэлд өртөж байсан эсэх', 1, 0, 0, 1, '2023-02-03 07:13:27', '2023-02-03 07:14:04'),
(47, 3, 'Гэр бүлийн гишүүдээс нь гэмт хэрэгт холбогдож байсан', 1, 1, 0, 1, '2022-10-20 11:41:05', '2022-10-23 12:57:17'),
(49, 4, 'Ганцаардмал зожиг эсэх', 0, 0, 0, 1, '2022-10-20 11:45:59', '2022-10-20 11:45:59'),
(50, 4, 'Хулгай хийдэг эсэх', 1, 0, 0, 1, '2022-10-20 11:46:25', '2023-02-03 07:09:34'),
(51, 4, 'Худал хэлдэг эсэх', 0, 0, 0, 1, '2022-10-20 11:47:19', '2022-10-20 11:47:19'),
(52, 4, 'Гадуур тэнэдэг эсэх', 0, 0, 0, 1, '2022-10-20 11:47:50', '2022-10-20 11:47:50'),
(53, 4, 'Бүдүүлэг үг хэллэг тогтмол хэрэглэдэг', 0, 0, 0, 1, '2022-10-20 11:48:26', '2022-10-20 11:48:26'),
(54, 4, 'Бусдад уруу татагдах эрсдэлтэй эсэх', 0, 0, 0, 1, '2022-10-20 11:49:08', '2022-10-20 11:49:08'),
(58, 4, 'Архи согтууруулах ундаа хэрэглэдэг эсэх', 0, 0, 0, 1, '2022-10-20 11:58:25', '2022-10-20 11:58:25'),
(57, 4, 'Сэтгэл зүйн тогтворгүй байдалтай эсэх', 1, 0, 0, 1, '2022-10-20 11:55:26', '2022-10-20 11:57:33'),
(59, 4, 'Тамхи татдаг эсэх', 1, 0, 0, 1, '2022-10-20 11:59:04', '2022-10-20 11:59:56'),
(60, 4, 'Ухаалаг утастай эсэх', 0, 0, 0, 1, '2022-10-20 12:00:41', '2022-10-20 12:00:41'),
(61, 4, 'Ухаалаг утсаараа цахим тоглоомыг өдөр бүр олон цагаар тоглодог эсэх', 1, 0, 0, 1, '2022-10-20 12:01:15', '2023-01-24 04:46:40'),
(62, 4, 'Хичээлийн бусад цагаар гэртээ ганцаараа байдаг', 0, 0, 0, 1, '2022-10-20 12:02:54', '2022-10-20 12:02:54'),
(63, 4, 'Найз охин/хөвгүүнтэй эсэх', 1, 0, 0, 1, '2022-10-20 12:03:56', '2023-02-03 07:11:02'),
(64, 2, '1-2 хичээлийн хоцрогдолтой', 0, 0, 0, 1, '2022-10-20 12:08:37', '2022-10-20 12:08:37'),
(65, 1, 'Гэрээс сургууль хүрэх замд ухаж үлдээсэн нүх, нүхэн жорлон зэрэг хүүхэд бүдэрч унах, бэртэж гэмтэх эрсдэлтэй эсэх', 0, 0, 0, 1, '2023-01-23 03:43:42', '2023-01-23 03:45:59'),
(67, 2, 'Ялгаварлан гадуурхалтад өртдөг эсэх', 0, 0, 0, 1, '2023-01-23 03:48:26', '2023-01-23 03:48:55'),
(70, 1, 'Аюултай хөдөлмөр эрхэлдэг', 1, 0, 0, 1, '2023-01-23 07:20:13', '2023-02-03 07:11:35'),
(69, 1, 'Гэрээс сургууль хүрэх авто зам, явган хүний зам нь тэмдэг тэмдэглэгээгүй, гэрэлтүүлэггүй ', 0, 0, 0, 1, '2023-01-23 03:51:54', '2023-01-23 06:15:45'),
(72, 3, 'Суралцах хугацаандаа насанд хүрсэн асран хамгаалагчгүй амьдардаг', 0, 0, 0, 1, '2023-02-07 01:45:04', '2023-02-07 01:45:04');

-- --------------------------------------------------------

--
-- Table structure for table `shilj`
--

DROP TABLE IF EXISTS `shilj`;
CREATE TABLE IF NOT EXISTS `shilj` (
  `id` int NOT NULL AUTO_INCREMENT,
  `school_id` int NOT NULL,
  `angi` varchar(10) CHARACTER SET utf8mb3 COLLATE utf8mb3_unicode_ci DEFAULT NULL,
  `hezee` date DEFAULT NULL,
  `tailbar` varchar(500) CHARACTER SET utf8mb3 COLLATE utf8mb3_unicode_ci DEFAULT NULL,
  `user_type` varchar(30) CHARACTER SET utf8mb3 COLLATE utf8mb3_unicode_ci NOT NULL,
  `user_id` int NOT NULL,
  `student_id` int NOT NULL,
  `jil` varchar(20) CHARACTER SET utf8mb3 COLLATE utf8mb3_unicode_ci NOT NULL,
  PRIMARY KEY (`id`)
) ENGINE=MyISAM DEFAULT CHARSET=latin1;

-- --------------------------------------------------------

--
-- Table structure for table `students`
--

DROP TABLE IF EXISTS `students`;
CREATE TABLE IF NOT EXISTS `students` (
  `id` bigint UNSIGNED NOT NULL AUTO_INCREMENT,
  `fname` varchar(200) CHARACTER SET utf8mb4 COLLATE utf8mb4_unicode_ci DEFAULT NULL,
  `lname` varchar(200) CHARACTER SET utf8mb4 COLLATE utf8mb4_unicode_ci DEFAULT NULL,
  `gender` varchar(10) CHARACTER SET utf8mb4 COLLATE utf8mb4_unicode_ci DEFAULT NULL,
  `phone` varchar(100) CHARACTER SET utf8mb4 COLLATE utf8mb4_unicode_ci DEFAULT NULL,
  `rd` varchar(10) CHARACTER SET utf8mb4 COLLATE utf8mb4_unicode_ci DEFAULT NULL,
  `hayg` varchar(500) CHARACTER SET utf8mb4 COLLATE utf8mb4_unicode_ci DEFAULT NULL,
  `ohayg` varchar(500) CHARACTER SET utf8mb4 COLLATE utf8mb4_unicode_ci DEFAULT NULL,
  `hentei` varchar(200) CHARACTER SET utf8mb4 COLLATE utf8mb4_unicode_ci DEFAULT NULL,
  `dsects` varchar(10) CHARACTER SET utf8mb4 COLLATE utf8mb4_unicode_ci DEFAULT NULL,
  `club` varchar(50) CHARACTER SET utf8mb4 COLLATE utf8mb4_unicode_ci DEFAULT NULL,
  `school_id` int DEFAULT NULL,
  `angi_id` int DEFAULT NULL,
  `created_at` timestamp NULL DEFAULT NULL,
  `tuluv` int DEFAULT NULL,
  `eseh` int DEFAULT NULL,
  PRIMARY KEY (`id`),
  KEY `students_school_id_foreign` (`school_id`)
) ENGINE=MyISAM DEFAULT CHARSET=utf8mb4 COLLATE=utf8mb4_unicode_ci;

-- --------------------------------------------------------

--
-- Table structure for table `sudalgaas`
--

DROP TABLE IF EXISTS `sudalgaas`;
CREATE TABLE IF NOT EXISTS `sudalgaas` (
  `id` bigint UNSIGNED NOT NULL AUTO_INCREMENT,
  `student_id` int NOT NULL,
  `angi` int NOT NULL,
  `teacher_id` int NOT NULL,
  `user_type` varchar(20) CHARACTER SET utf8mb4 COLLATE utf8mb4_unicode_ci NOT NULL,
  `value` int DEFAULT NULL,
  `shalguur_id` int NOT NULL,
  `shalguurded_id` int DEFAULT NULL,
  `jil` varchar(191) CHARACTER SET utf8mb4 COLLATE utf8mb4_unicode_ci NOT NULL,
  `created_at` timestamp NULL DEFAULT NULL,
  PRIMARY KEY (`id`),
  KEY `sudalgaas_student_id_foreign` (`student_id`),
  KEY `sudalgaas_teacher_id_foreign` (`teacher_id`),
  KEY `sudalgaas_shalguur_id_foreign` (`shalguur_id`),
  KEY `sudalgaas_shalguurded_id_foreign` (`shalguurded_id`),
  KEY `sudalgaas_jil_foreign` (`jil`)
) ENGINE=MyISAM DEFAULT CHARSET=utf8mb4 COLLATE=utf8mb4_unicode_ci;

-- --------------------------------------------------------

--
-- Table structure for table `sumd`
--

DROP TABLE IF EXISTS `sumd`;
CREATE TABLE IF NOT EXISTS `sumd` (
  `id` int NOT NULL AUTO_INCREMENT,
  `name` varchar(30) CHARACTER SET utf8mb3 COLLATE utf8mb3_unicode_ci NOT NULL,
  PRIMARY KEY (`id`)
) ENGINE=MyISAM AUTO_INCREMENT=21 DEFAULT CHARSET=utf8mb3 COLLATE=utf8mb3_unicode_ci;

--
-- Dumping data for table `sumd`
--

INSERT INTO `sumd` (`id`, `name`) VALUES
(1, 'Арвайхээр'),
(2, 'Баруунбаян-Улаан'),
(3, 'Бат-Өлзийт'),
(4, 'Баянгол'),
(5, 'Баян-Өндөр'),
(6, 'Богд'),
(7, 'Бүрд'),
(8, 'Гучин-Ус'),
(9, 'Есөнзүйл'),
(10, 'Зүүнбаян-Улаан'),
(11, 'Нарийнтээл'),
(12, 'Өлзийт'),
(13, 'Сант'),
(14, 'Тарагт'),
(15, 'Төгрөг'),
(16, 'Уянга'),
(17, 'Хайрхандулаан'),
(18, 'Хархорин'),
(19, 'Хужирт'),
(20, 'Өлзийт');

-- --------------------------------------------------------

--
-- Table structure for table `teachers`
--

DROP TABLE IF EXISTS `teachers`;
CREATE TABLE IF NOT EXISTS `teachers` (
  `id` bigint UNSIGNED NOT NULL AUTO_INCREMENT,
  `fname` varchar(200) CHARACTER SET utf8mb4 COLLATE utf8mb4_unicode_ci DEFAULT NULL,
  `lname` varchar(200) CHARACTER SET utf8mb4 COLLATE utf8mb4_unicode_ci DEFAULT NULL,
  `gender` varchar(10) CHARACTER SET utf8mb4 COLLATE utf8mb4_unicode_ci DEFAULT NULL,
  `email` varchar(200) CHARACTER SET utf8mb4 COLLATE utf8mb4_unicode_ci DEFAULT NULL,
  `phone` varchar(100) CHARACTER SET utf8mb4 COLLATE utf8mb4_unicode_ci DEFAULT NULL,
  `rd` varchar(10) CHARACTER SET utf8mb4 COLLATE utf8mb4_unicode_ci DEFAULT NULL,
  `mergejil` varchar(500) CHARACTER SET utf8mb4 COLLATE utf8mb4_unicode_ci DEFAULT NULL,
  `jil` varchar(10) CHARACTER SET utf8mb4 COLLATE utf8mb4_unicode_ci DEFAULT NULL,
  `school_id` int DEFAULT NULL,
  `pass` varchar(191) CHARACTER SET utf8mb4 COLLATE utf8mb4_unicode_ci DEFAULT NULL,
  `tuluv` int DEFAULT NULL,
  `updated_at` timestamp NULL DEFAULT NULL,
  PRIMARY KEY (`id`),
  UNIQUE KEY `email` (`email`),
  UNIQUE KEY `rd` (`rd`),
  KEY `teachers_school_id_foreign` (`school_id`)
) ENGINE=MyISAM DEFAULT CHARSET=utf8mb4 COLLATE=utf8mb4_unicode_ci;

-- --------------------------------------------------------

--
-- Table structure for table `users`
--

DROP TABLE IF EXISTS `users`;
CREATE TABLE IF NOT EXISTS `users` (
  `id` bigint UNSIGNED NOT NULL AUTO_INCREMENT,
  `lname` varchar(191) CHARACTER SET utf8mb4 COLLATE utf8mb4_unicode_ci NOT NULL,
  `fname` varchar(100) CHARACTER SET utf8mb4 COLLATE utf8mb4_unicode_ci NOT NULL,
  `email` varchar(191) CHARACTER SET utf8mb4 COLLATE utf8mb4_unicode_ci NOT NULL,
  `phone` varchar(100) CHARACTER SET utf8mb4 COLLATE utf8mb4_unicode_ci NOT NULL,
  `role` varchar(191) CHARACTER SET utf8mb4 COLLATE utf8mb4_unicode_ci NOT NULL,
  `email_verified_at` timestamp NULL DEFAULT NULL,
  `pass` varchar(191) CHARACTER SET utf8mb4 COLLATE utf8mb4_unicode_ci NOT NULL,
  `remember_token` varchar(100) CHARACTER SET utf8mb4 COLLATE utf8mb4_unicode_ci DEFAULT NULL,
  `created_at` timestamp NULL DEFAULT NULL,
  `updated_at` timestamp NULL DEFAULT NULL,
  PRIMARY KEY (`id`),
  UNIQUE KEY `users_email_unique` (`email`)
) ENGINE=MyISAM AUTO_INCREMENT=4 DEFAULT CHARSET=utf8mb4 COLLATE=utf8mb4_unicode_ci;

--
-- Dumping data for table `users`
--

INSERT INTO `users` (`id`, `lname`, `fname`, `email`, `phone`, `role`, `email_verified_at`, `pass`, `remember_token`, `created_at`, `updated_at`) VALUES
(1, 'Batireedui', '', 'j.batireedui@gmail.com', '', 'admin', NULL, 'asasas', NULL, '2022-08-15 21:38:14', '2022-08-15 21:38:14'),
(2, 'Ганбат', 'Мөнх-Эрдэнэ', 'munkherdene489@gmail.com', '88327070', 'admin', NULL, '7752', NULL, NULL, NULL),
(3, 'Цэдэнсодном ', 'Бадамжаргал', 'tsbadmaa505@gmail.com', '99326232', 'admin', NULL, '95021817', NULL, NULL, NULL);
COMMIT;

/*!40101 SET CHARACTER_SET_CLIENT=@OLD_CHARACTER_SET_CLIENT */;
/*!40101 SET CHARACTER_SET_RESULTS=@OLD_CHARACTER_SET_RESULTS */;
/*!40101 SET COLLATION_CONNECTION=@OLD_COLLATION_CONNECTION */;
